beads_id	phase	master_issue	title	priority	label
ZoneCNH-gg63	ROOT	#1540	[EPIC] binance runtime gap closure（PRG-007 真实化，主仓）	P0	runtime-gap
ZoneCNH-gg63.1	Phase 1	#1541	[EPIC] Phase 1: binance 治理分裂修复（11 陷阱）	P0	governance-trap
ZoneCNH-gg63.1.9	Phase 1	#1550	T10-1: registry.yaml latest_tag 修正（v0.8.0→v0.11.0）	P1	governance-trap
ZoneCNH-gg63.1.1	Phase 1	#1542	T0-1/T8-1: Runtime-Version 三处统一为 v0.11.0	P0	governance-trap
ZoneCNH-gg63.1.4	Phase 1	#1545	T1-1: CHANGELOG vs SPEC 版本单向追溯	P1	governance-trap
ZoneCNH-gg63.1.10	Phase 1	#1551	T8-3 修正: BR 数量缩减（9→5）vs CHANGELOG 声明 Implemented（GAP-E53）	P3	governance-trap
ZoneCNH-gg63.1.3	Phase 1	#1544	T7-2: 补 v0.11.0 GitHub Release（PRG-002 真实化，shallow clone）	P0	governance-trap
ZoneCNH-gg63.1.8	Phase 1	#1549	T4-1: Task 计数矛盾对齐（实际 39 vs README 47/47）	P1	governance-trap
ZoneCNH-gg63.1.6	Phase 1	#1547	T8-2: 新建 SECURITY.md + CONTRIBUTING.md（GAP-E44/E45）	P1	governance-trap
ZoneCNH-gg63.1.5	Phase 1	#1546	T2-1: evidence/ 补 GAP-E 引用（GAP-E57）	P1	governance-trap
ZoneCNH-gg63.1.2	Phase 1	#1543	T7-1: PRG-006 TRACEABILITY §4 降级 Partial	P0	governance-trap
ZoneCNH-gg63.1.7	Phase 1	#1548	T9-1: SCORECARD 测试维度评分下调（93→85）	P1	governance-trap
ZoneCNH-gg63.7	Phase 2	#1552	GAP-E6: UM/CM/Options 4 线 ExchangeInfoRefresher 装配	P0	runtime-gap
ZoneCNH-gg63.8	Phase 3	#1553	GAP-E25: 评估单副本负载（§8.2 勘误，默认 deferred）	P2	runtime-gap
ZoneCNH-gg63.2	Phase 4	#1554	[EPIC] Phase 4: GAP-E1 v3.2 重构（server 端 coverage SSOT）	P0	runtime-gap
ZoneCNH-gg63.2.1	Phase 4	#1555	GAP-E7: SPEC §509 移除 history_state_postgres.go（前置）	P1	runtime-gap
ZoneCNH-gg63.2.2	Phase 4	#1556	P4.1: server coverage store（PG 持久化）	P1	runtime-gap
ZoneCNH-gg63.2.3	Phase 4	#1557	P4.2: server NATS subscriber（binance.coverage.heartbeat）	P1	runtime-gap
ZoneCNH-gg63.2.4	Phase 4	#1558	P4.3: client coverage_reporter（周期 NATS 上报）	P1	runtime-gap
ZoneCNH-gg63.2.5	Phase 4	#1559	P4.4: 删除 internal/client/history_state_postgres.go（违宪）	P1	runtime-gap
ZoneCNH-gg63.2.6	Phase 4	#1560	P4.5: cmd/binance-client/main.go 移除 postgresx 装配	P1	runtime-gap
ZoneCNH-gg63.2.7	Phase 4	#1561	P4.6: 测试覆盖（单元 + 集成）	P1	runtime-gap
ZoneCNH-gg63.3	Phase 5	#1562	[EPIC] Phase 5: P1 独立批次（5 项无依赖并行）	P1	runtime-gap
ZoneCNH-gg63.3.1	Phase 5	#1563	GAP-E32: 7 处 goroutine 加 recover 包装	P1	runtime-gap
ZoneCNH-gg63.3.2	Phase 5	#1564	GAP-E27: WebSocket SetReadLimit（OOM 保护）	P1	runtime-gap
ZoneCNH-gg63.3.3	Phase 5	#1565	GAP-E34: HTTP server 完整超时（Read/Write/Idle）	P1	runtime-gap
ZoneCNH-gg63.3.4	Phase 5	#1566	GAP-E36: ldflags 注入 buildinfo	P1	runtime-gap
ZoneCNH-gg63.3.5	Phase 5	#1567	GAP-E29: 集成 golang-migrate migration runner	P1	runtime-gap
ZoneCNH-gg63.4	Phase 6	#1568	[EPIC] Phase 6: EXCHANGEINFO symbol 分级体系	P1	runtime-gap
ZoneCNH-gg63.4.1	Phase 6	#1569	GAP-E26: interval SSOT（前置）	P1	runtime-gap
ZoneCNH-gg63.4.2	Phase 6	#1570	EXCHANGEINFO §8.3: 静态白名单 MVP（STREAM_SYMBOLS）	P1	runtime-gap
ZoneCNH-gg63.4.3	Phase 6	#1571	GAP-E24: CatalogEntry 动态分级	P1	runtime-gap
ZoneCNH-gg63.4.4	Phase 6	#1572	EXCHANGEINFO §8.1: options 独立维度（不进 Tier）	P1	runtime-gap
ZoneCNH-gg63.5	Phase 7	#1573	[EPIC] Phase 7: 数据完整性链	P1	runtime-gap
ZoneCNH-gg63.5.1	Phase 7	#1574	GAP-E2: server CompletenessScanner	P1	runtime-gap
ZoneCNH-gg63.5.2	Phase 7	#1575	GAP-E3: E2E 二向对账 + OSS checksum	P1	runtime-gap
ZoneCNH-gg63.5.3	Phase 7	#1576	GAP-E10: catalog diff NATS pub/sub	P1	runtime-gap
ZoneCNH-gg63.5.4	Phase 7	#1577	GAP-E12: AckWait 30s → 5min + backfill 小批次	P1	runtime-gap
ZoneCNH-gg63.5.5	Phase 7	#1578	GAP-E17: server time.Now().UTC() 强制	P1	runtime-gap
ZoneCNH-gg63.5.6	Phase 7	#1579	GAP-E18: TDengine 部分成功捕获	P1	runtime-gap
ZoneCNH-gg63.5.7	Phase 7	#1580	GAP-E19: PayloadHash server 重算（漏洞链 #1 同 PR）	P1	runtime-gap
ZoneCNH-gg63.5.8	Phase 7	#1581	GAP-E28: PG 事务管理	P1	runtime-gap
ZoneCNH-gg63.6	Phase 8	#1582	[EPIC] Phase 8: P2+P3 治理与长尾	P2	runtime-gap
ZoneCNH-gg63.6.1	Phase 8	#1583	8.1 可观测性补强（E9+E30+E35）	P2	runtime-gap
ZoneCNH-gg63.6.2	Phase 8	#1584	8.2 安全加固（E37+E44+E45）	P2	runtime-gap
ZoneCNH-gg63.6.3	Phase 8	#1585	8.3 部署治理（E41~E50）	P2	runtime-gap
ZoneCNH-gg63.6.4	Phase 8	#1586	8.4 Schema 演进（E8+E19+E23）	P2	runtime-gap
ZoneCNH-gg63.6.5	Phase 8	#1587	8.5 配置治理（E31+E4）	P2	runtime-gap
ZoneCNH-gg63.6.6	Phase 8	#1588	8.6 容错与韧性（E11+E16+E33）	P2	runtime-gap
ZoneCNH-gg63.6.7	Phase 8	#1589	8.7 优雅运行（E14+E15+E20+E22）	P2	runtime-gap
ZoneCNH-gg63.6.8	Phase 8	#1590	8.8 测试与质量（E21+E40）	P2	runtime-gap
ZoneCNH-gg63.6.9	Phase 8	#1591	8.9 长尾低优（E38+E39）	P3	runtime-gap
ZoneCNH-gg63.6.10	Phase 8	#1592	8.10 P3 治理文档批次（E51~E58）	P3	runtime-gap
